﻿<?xml version="1.0" encoding="utf-8" ?>
<Defs>

	<RecipeDef Abstract="True" Name="SurgeryFlesh">
		<effectWorking>Surgery</effectWorking>
		<soundWorking>Recipe_Surgery</soundWorking>
		<workSpeedStat>MedicalOperationSpeed</workSpeedStat>
		<workSkill>Medicine</workSkill>
		<workSkillLearnFactor>16</workSkillLearnFactor>
		<recipeUsers>
			<li>Human</li>
		</recipeUsers>
	</RecipeDef>
	
	<RecipeDef ParentName="SurgeryFlesh">
		<defName>InstallProstheticFinger</defName>
		<label>install prosthetic finger</label>
		<description>Installs a prosthetic finger.</description>
		<workerClass>Recipe_InstallArtificialBodyPart</workerClass>
		<jobString>Operating on patient.</jobString>
		<workAmount>500</workAmount>
		<ingredients>
			<li>
				<filter>
            <categories>
				<li>Medicine</li>
			</categories>
				</filter>
				<count>1</count>
			</li>
			<li>
				<filter>
					<thingDefs>
						<li>ProstheticFinger</li>
					</thingDefs>
				</filter>
				<count>1</count>
			</li>
		</ingredients>
		<fixedIngredientFilter>
      <categories>
        <li>Medicine</li>
      </categories>
      <thingDefs>
			<li>ProstheticFinger</li>
			</thingDefs>
		</fixedIngredientFilter>
		<appliedOnFixedBodyParts>
			<li>Finger</li>
		</appliedOnFixedBodyParts>
		<addsHediff>ProstheticFinger</addsHediff>
	</RecipeDef>
	
	<RecipeDef ParentName="SurgeryFlesh">
		<defName>InstallProstheticToe</defName>
		<label>install prosthetic toe</label>
		<description>Installs a prosthetic toe.</description>
		<workerClass>Recipe_InstallArtificialBodyPart</workerClass>
		<jobString>Operating on patient.</jobString>
		<workAmount>500</workAmount>
		<ingredients>
			<li>
				<filter>
            <categories>
				<li>Medicine</li>
			</categories>
				</filter>
				<count>1</count>
			</li>
			<li>
				<filter>
					<thingDefs>
						<li>ProstheticToe</li>
					</thingDefs>
				</filter>
				<count>1</count>
			</li>
		</ingredients>
		<fixedIngredientFilter>
      <categories>
        <li>Medicine</li>
      </categories>
      <thingDefs>
			<li>ProstheticToe</li>
			</thingDefs>
		</fixedIngredientFilter>
		<appliedOnFixedBodyParts>
			<li>Toe</li>
		</appliedOnFixedBodyParts>
		<addsHediff>ProstheticToe</addsHediff>
	</RecipeDef>
	
	<RecipeDef ParentName="SurgeryFlesh">
		<defName>InstallBionicFinger</defName>
		<label>install bionic finger</label>
		<description>Installs a bionic finger.</description>
		<workerClass>Recipe_InstallArtificialBodyPart</workerClass>
		<jobString>Operating on patient.</jobString>
		<workAmount>1000</workAmount>
		<ingredients>
			<li>
				<filter>
            <categories>
				<li>Medicine</li>
			</categories>
				</filter>
				<count>1</count>
			</li>
			<li>
				<filter>
					<thingDefs>
						<li>BionicFinger</li>
					</thingDefs>
				</filter>
				<count>1</count>
			</li>
		</ingredients>
		<fixedIngredientFilter>
      <categories>
        <li>Medicine</li>
      </categories>
      <thingDefs>
			<li>BionicFinger</li>
			</thingDefs>
		</fixedIngredientFilter>
		<appliedOnFixedBodyParts>
			<li>Finger</li>
		</appliedOnFixedBodyParts>
		<addsHediff>BionicFinger</addsHediff>
	</RecipeDef>
	
	<RecipeDef ParentName="SurgeryFlesh">
		<defName>InstallBionicToe</defName>
		<label>install bionic toe</label>
		<description>Installs a bionic toe.</description>
		<workerClass>Recipe_InstallArtificialBodyPart</workerClass>
		<jobString>Operating on patient.</jobString>
		<workAmount>1000</workAmount>
		<ingredients>
			<li>
				<filter>
            <categories>
				<li>Medicine</li>
			</categories>
				</filter>
				<count>1</count>
			</li>
			<li>
				<filter>
					<thingDefs>
						<li>BionicToe</li>
					</thingDefs>
				</filter>
				<count>1</count>
			</li>
		</ingredients>
		<fixedIngredientFilter>
      <categories>
        <li>Medicine</li>
      </categories>
      <thingDefs>
			<li>BionicToe</li>
			</thingDefs>
		</fixedIngredientFilter>
		<appliedOnFixedBodyParts>
			<li>Toe</li>
		</appliedOnFixedBodyParts>
		<addsHediff>BionicToe</addsHediff>
	</RecipeDef>

</Defs>